{"cameraMode":{"drawMode":0,"name":"Shaded","section":"Shading Mode"},"sceneLighting":false,"audioPlay":false,"sceneViewState":{"showFog":true,"showMaterialUpdate":false,"showSkybox":true,"showFlares":true,"showImageEffects":true,"showParticleSystems":true},"in2DMode":false,"pivot":{"x":-0.000999998301267624,"y":0.12200000137090683,"z":1.031999945640564},"rotation":{"x":0.3305070996284485,"y":-0.6192936301231384,"z":0.30612465739250185,"w":0.6431219577789307},"size":0.285788357257843,"orthographic":false}