{"cameraMode":{"drawMode":0,"name":"Shaded","section":"Shading Mode"},"sceneLighting":false,"audioPlay":false,"sceneViewState":{"showFog":true,"showMaterialUpdate":false,"showSkybox":true,"showFlares":true,"showImageEffects":true,"showParticleSystems":true},"in2DMode":false,"pivot":{"x":-0.4373144209384918,"y":-0.757361650466919,"z":1.7277252674102784},"rotation":{"x":-0.3789707124233246,"y":0.11365044862031937,"z":-0.04696841165423393,"w":-0.9172320365905762},"size":2.5110576152801515,"orthographic":false}