{"cameraMode":{"drawMode":0,"name":"Shaded","section":"Shading Mode"},"sceneLighting":false,"audioPlay":false,"sceneViewState":{"showFog":true,"showMaterialUpdate":false,"showSkybox":true,"showFlares":true,"showImageEffects":true,"showParticleSystems":true},"in2DMode":false,"pivot":{"x":-1.5000003576278687,"y":3.375000476837158,"z":1.500000238418579},"rotation":{"x":-0.29077860713005068,"y":-0.6931127309799194,"z":0.36829423904418948,"w":-0.5473143458366394},"size":7.1088995933532719,"orthographic":false}