{"cameraMode":{"drawMode":0,"name":"Shaded","section":"Shading Mode"},"sceneLighting":false,"audioPlay":false,"sceneViewState":{"showFog":true,"showMaterialUpdate":false,"showSkybox":true,"showFlares":true,"showImageEffects":true,"showParticleSystems":true},"in2DMode":false,"pivot":{"x":-31.440250396728517,"y":-11.644187927246094,"z":-4.577791213989258},"rotation":{"x":0.4173285961151123,"y":-0.3306841254234314,"z":0.16708828508853913,"w":0.8306164741516113},"size":72.40576171875,"orthographic":false}