{"cameraMode":{"drawMode":0,"name":"Shaded","section":"Shading Mode"},"sceneLighting":false,"audioPlay":false,"sceneViewState":{"showFog":true,"showMaterialUpdate":false,"showSkybox":true,"showFlares":true,"showImageEffects":true,"showParticleSystems":true},"in2DMode":false,"pivot":{"x":0.0,"y":0.8640990257263184,"z":-0.014490365982055664},"rotation":{"x":-0.05631590634584427,"y":-0.8620072603225708,"z":0.11403733491897583,"w":-0.49130409955978396},"size":1.225572109222412,"orthographic":false}