{"cameraMode":{"drawMode":0,"name":"Shaded","section":"Shading Mode"},"sceneLighting":false,"audioPlay":false,"sceneViewState":{"showFog":true,"showMaterialUpdate":false,"showSkybox":true,"showFlares":true,"showImageEffects":true,"showParticleSystems":true},"in2DMode":false,"pivot":{"x":262.4569396972656,"y":130.73660278320313,"z":112.05137634277344},"rotation":{"x":0.00806262157857418,"y":-0.9937007427215576,"z":0.07695242762565613,"w":0.08675901591777802},"size":23.825849533081056,"orthographic":false}