{"cameraMode":{"drawMode":0,"name":"Shaded","section":"Shading Mode"},"sceneLighting":false,"audioPlay":false,"sceneViewState":{"showFog":true,"showMaterialUpdate":false,"showSkybox":true,"showFlares":true,"showImageEffects":true,"showParticleSystems":true},"in2DMode":false,"pivot":{"x":-5.691292762756348,"y":3.4057300090789797,"z":-1.0349230766296387},"rotation":{"x":-0.004633049480617046,"y":-0.9877375960350037,"z":-0.03024888224899769,"w":0.1544395089149475},"size":9.246057510375977,"orthographic":false}