{"cameraMode":{"drawMode":0,"name":"Shaded","section":"Shading Mode"},"sceneLighting":false,"audioPlay":false,"sceneViewState":{"showFog":true,"showMaterialUpdate":false,"showSkybox":true,"showFlares":true,"showImageEffects":true,"showParticleSystems":true},"in2DMode":false,"pivot":{"x":-5.488888740539551,"y":1.8700010776519776,"z":32.5101203918457},"rotation":{"x":-0.06729969382286072,"y":-0.9320976734161377,"z":0.2724979817867279,"w":-0.2305505871772766},"size":9.47681999206543,"orthographic":false}