{"cameraMode":{"drawMode":0,"name":"Shaded","section":"Shading Mode"},"sceneLighting":false,"audioPlay":false,"sceneViewState":{"showFog":true,"showMaterialUpdate":false,"showSkybox":true,"showFlares":true,"showImageEffects":true,"showParticleSystems":true},"in2DMode":false,"pivot":{"x":-1.4801216125488282,"y":1.8700016736984254,"z":1.515110731124878},"rotation":{"x":-0.4983006417751312,"y":0.13587579131126405,"z":-0.07952336221933365,"w":-0.8526481986045837},"size":9.476816177368164,"orthographic":false}