{"cameraMode":{"drawMode":0,"name":"Shaded","section":"Shading Mode"},"sceneLighting":false,"audioPlay":false,"sceneViewState":{"showFog":true,"showMaterialUpdate":false,"showSkybox":true,"showFlares":true,"showImageEffects":true,"showParticleSystems":true},"in2DMode":false,"pivot":{"x":9.804996490478516,"y":1.875,"z":10.000000953674317},"rotation":{"x":-0.06729969382286072,"y":-0.9320976734161377,"z":0.2724979817867279,"w":-0.2305505871772766},"size":9.477142333984375,"orthographic":false}