{"cameraMode":{"drawMode":0,"name":"Shaded","section":"Shading Mode"},"sceneLighting":false,"audioPlay":false,"sceneViewState":{"showFog":true,"showMaterialUpdate":false,"showSkybox":true,"showFlares":true,"showImageEffects":true,"showParticleSystems":true},"in2DMode":false,"pivot":{"x":0.5928393602371216,"y":-0.07790565490722656,"z":-0.10991385579109192},"rotation":{"x":-0.10093102604150772,"y":-0.8663623332977295,"z":0.1940932720899582,"w":-0.44948968291282656},"size":1.0750091075897217,"orthographic":false}