{"cameraMode":{"drawMode":0,"name":"Shaded","section":"Shading Mode"},"sceneLighting":false,"audioPlay":false,"sceneViewState":{"showFog":true,"showMaterialUpdate":false,"showSkybox":true,"showFlares":true,"showImageEffects":true,"showParticleSystems":true},"in2DMode":false,"pivot":{"x":-0.07402622699737549,"y":0.8510000109672546,"z":-5.930000305175781},"rotation":{"x":0.1376381665468216,"y":-0.7511435747146606,"z":0.16173821687698365,"w":0.6257344484329224},"size":22.0,"orthographic":false}