{"cameraMode":{"drawMode":0,"name":"Shaded","section":"Shading Mode"},"sceneLighting":false,"audioPlay":false,"sceneViewState":{"showFog":true,"showMaterialUpdate":false,"showSkybox":true,"showFlares":true,"showImageEffects":true,"showParticleSystems":true},"in2DMode":false,"pivot":{"x":0.769378662109375,"y":0.34498143196105959,"z":-3.2354726791381838},"rotation":{"x":-0.0058786217123270039,"y":0.9886956810951233,"z":-0.14487618207931519,"w":-0.039819031953811648},"size":6.0452351570129398,"orthographic":false}