{"cameraMode":{"drawMode":0,"name":"Shaded","section":"Shading Mode"},"sceneLighting":false,"audioPlay":false,"sceneViewState":{"showFog":true,"showMaterialUpdate":false,"showSkybox":true,"showFlares":true,"showImageEffects":true,"showParticleSystems":true},"in2DMode":false,"pivot":{"x":-0.38196510076522829,"y":1.30728018283844,"z":-0.5215996503829956},"rotation":{"x":0.00027886114548891783,"y":-0.9994834065437317,"z":-0.026134353131055833,"w":0.0362202413380146},"size":2.182877779006958,"orthographic":false}