{"cameraMode":{"drawMode":0,"name":"Shaded","section":"Shading Mode"},"sceneLighting":false,"audioPlay":false,"sceneViewState":{"showFog":true,"showMaterialUpdate":false,"showSkybox":true,"showFlares":true,"showImageEffects":true,"showParticleSystems":true},"in2DMode":false,"pivot":{"x":-0.4891517162322998,"y":0.720059871673584,"z":2.074723243713379},"rotation":{"x":-0.14981378614902497,"y":0.8501338362693787,"z":-0.3509484827518463,"w":-0.3629460632801056},"size":24.805898666381837,"orthographic":false}