{"cameraMode":{"drawMode":0,"name":"Shaded","section":"Shading Mode"},"sceneLighting":true,"audioPlay":false,"sceneViewState":{"showFog":true,"showMaterialUpdate":false,"showSkybox":true,"showFlares":true,"showImageEffects":true,"showParticleSystems":true},"in2DMode":false,"pivot":{"x":-4.044747352600098,"y":-85.15843200683594,"z":15.646474838256836},"rotation":{"x":-0.001155344769358635,"y":0.7252689599990845,"z":-0.6891992092132568,"w":0.000027831682018586434},"size":140.88587951660157,"orthographic":false}