{"cameraMode":{"drawMode":0,"name":"Shaded","section":"Shading Mode"},"sceneLighting":false,"audioPlay":false,"sceneViewState":{"showFog":true,"showMaterialUpdate":false,"showSkybox":true,"showFlares":true,"showImageEffects":true,"showParticleSystems":true},"in2DMode":false,"pivot":{"x":-0.444013774394989,"y":0.8149235248565674,"z":0.3991463780403137},"rotation":{"x":-0.037617627531290057,"y":0.7161880731582642,"z":-0.038705721497535709,"w":-0.695852518081665},"size":0.9714471697807312,"orthographic":false}