{"cameraMode":{"drawMode":0,"name":"Shaded","section":"Shading Mode"},"sceneLighting":false,"audioPlay":false,"sceneViewState":{"showFog":true,"showMaterialUpdate":false,"showSkybox":true,"showFlares":true,"showImageEffects":true,"showParticleSystems":true},"in2DMode":false,"pivot":{"x":-3.000000476837158,"y":1.8725014925003052,"z":1.999997615814209},"rotation":{"x":-0.015446928329765797,"y":0.9789669513702393,"z":-0.08186595141887665,"w":-0.18698272109031678},"size":13.414826393127442,"orthographic":false}