{"cameraMode":{"drawMode":0,"name":"Shaded","section":"Shading Mode"},"sceneLighting":false,"audioPlay":false,"sceneViewState":{"showFog":true,"showMaterialUpdate":false,"showSkybox":true,"showFlares":true,"showImageEffects":true,"showParticleSystems":true},"in2DMode":false,"pivot":{"x":442.9937744140625,"y":171.0054168701172,"z":43.00453186035156},"rotation":{"x":-0.2504770755767822,"y":-0.18992483615875245,"z":0.050161585211753848,"w":-0.9480087161064148},"size":278.9104919433594,"orthographic":false}