{"cameraMode":{"drawMode":0,"name":"Shaded","section":"Shading Mode"},"sceneLighting":false,"audioPlay":false,"sceneViewState":{"showFog":true,"showMaterialUpdate":false,"showSkybox":true,"showFlares":true,"showImageEffects":true,"showParticleSystems":true},"in2DMode":false,"pivot":{"x":-0.7808780670166016,"y":0.10797691345214844,"z":1.3851728439331055},"rotation":{"x":0.15701863169670106,"y":-0.7047140002250671,"z":0.16462814807891847,"w":0.6721084117889404},"size":15.930845260620118,"orthographic":false}