{"cameraMode":{"drawMode":0,"name":"Shaded","section":"Shading Mode"},"sceneLighting":false,"audioPlay":false,"sceneViewState":{"showFog":true,"showMaterialUpdate":false,"showSkybox":true,"showFlares":true,"showImageEffects":true,"showParticleSystems":true},"in2DMode":false,"pivot":{"x":-29.653850555419923,"y":2.116910934448242,"z":4.206940650939941},"rotation":{"x":-0.1776105761528015,"y":0.4071708023548126,"z":-0.08108223974704743,"w":-0.8922697305679321},"size":8.203757286071778,"orthographic":false}