{"cameraMode":{"drawMode":0,"name":"Shaded","section":"Shading Mode"},"sceneLighting":false,"audioPlay":false,"sceneViewState":{"showFog":true,"showMaterialUpdate":false,"showSkybox":true,"showFlares":true,"showImageEffects":true,"showParticleSystems":true},"in2DMode":false,"pivot":{"x":-0.04657318443059921,"y":0.25028079748153689,"z":-0.2840021848678589},"rotation":{"x":0.010057780891656876,"y":-0.9736281633377075,"z":0.2281418889760971,"w":0.009418773464858532},"size":1.5282657146453858,"orthographic":false}