{"cameraMode":{"drawMode":0,"name":"Shaded","section":"Shading Mode"},"sceneLighting":false,"audioPlay":false,"sceneViewState":{"showFog":true,"showMaterialUpdate":false,"showSkybox":true,"showFlares":true,"showImageEffects":true,"showParticleSystems":true},"in2DMode":false,"pivot":{"x":336.2969970703125,"y":1227.480712890625,"z":81.98345947265625},"rotation":{"x":0.17554104328155518,"y":-0.026907986029982568,"z":0.0035416630562394859,"w":0.9845834374427795},"size":298.0622863769531,"orthographic":false}