{"cameraMode":{"drawMode":0,"name":"Shaded","section":"Shading Mode"},"sceneLighting":false,"audioPlay":false,"sceneViewState":{"showFog":true,"showMaterialUpdate":false,"showSkybox":true,"showFlares":true,"showImageEffects":true,"showParticleSystems":true},"in2DMode":false,"pivot":{"x":0.15000000596046449,"y":1.4500000476837159,"z":-0.8100000023841858},"rotation":{"x":0.5270583033561707,"y":0.056251514703035358,"z":-0.03499393165111542,"w":0.8472467064857483},"size":22.0,"orthographic":false}