{"cameraMode":{"drawMode":0,"name":"Shaded","section":"Shading Mode"},"sceneLighting":false,"audioPlay":false,"sceneViewState":{"showFog":true,"showMaterialUpdate":false,"showSkybox":true,"showFlares":true,"showImageEffects":true,"showParticleSystems":true},"in2DMode":false,"pivot":{"x":-26.480998992919923,"y":1.9950006008148194,"z":4.005000114440918},"rotation":{"x":-0.04184429720044136,"y":0.3664764165878296,"z":-0.016512513160705568,"w":-0.9293558597564697},"size":15.609893798828125,"orthographic":false}