{"cameraMode":{"drawMode":0,"name":"Shaded","section":"Shading Mode"},"sceneLighting":false,"audioPlay":false,"sceneViewState":{"showFog":true,"showMaterialUpdate":false,"showSkybox":true,"showFlares":true,"showImageEffects":true,"showParticleSystems":true},"in2DMode":false,"pivot":{"x":-33.35942459106445,"y":-0.11992073059082031,"z":-10.711170196533204},"rotation":{"x":-0.0482790432870388,"y":0.9471373558044434,"z":-0.2678069770336151,"w":-0.17399562895298005},"size":9.851107597351075,"orthographic":false}