{"cameraMode":{"drawMode":0,"name":"Shaded","section":"Shading Mode"},"sceneLighting":false,"audioPlay":false,"sceneViewState":{"showFog":true,"showMaterialUpdate":false,"showSkybox":true,"showFlares":true,"showImageEffects":true,"showParticleSystems":true},"in2DMode":false,"pivot":{"x":-13.020990371704102,"y":1.8700010776519776,"z":7.001377582550049},"rotation":{"x":-0.020166125148534776,"y":-0.9384338855743408,"z":0.34139540791511538,"w":-0.05591366067528725},"size":15.352952003479004,"orthographic":false}