{"cameraMode":{"drawMode":0,"name":"Shaded","section":"Shading Mode"},"sceneLighting":false,"audioPlay":false,"sceneViewState":{"showFog":true,"showMaterialUpdate":false,"showSkybox":true,"showFlares":true,"showImageEffects":true,"showParticleSystems":true},"in2DMode":false,"pivot":{"x":-13.641477584838868,"y":1.99923574924469,"z":-13.013542175292969},"rotation":{"x":0.00259926775470376,"y":0.9137172698974609,"z":0.005415323656052351,"w":-0.40688610076904299},"size":4.366567134857178,"orthographic":false}