{"cameraMode":{"drawMode":0,"name":"Shaded","section":"Shading Mode"},"sceneLighting":false,"audioPlay":false,"sceneViewState":{"showFog":true,"showMaterialUpdate":false,"showSkybox":true,"showFlares":true,"showImageEffects":true,"showParticleSystems":true},"in2DMode":false,"pivot":{"x":12.49599838256836,"y":1.8700007200241089,"z":5.624999046325684},"rotation":{"x":-0.06729969382286072,"y":-0.9320976734161377,"z":0.2724979817867279,"w":-0.2305505871772766},"size":9.578556060791016,"orthographic":false}