{"cameraMode":{"drawMode":0,"name":"Shaded","section":"Shading Mode"},"sceneLighting":false,"audioPlay":false,"sceneViewState":{"showFog":true,"showMaterialUpdate":false,"showSkybox":true,"showFlares":true,"showImageEffects":true,"showParticleSystems":true},"in2DMode":false,"pivot":{"x":-0.14270073175430299,"y":-2.5208706855773927,"z":-0.951554536819458},"rotation":{"x":0.09189427644014359,"y":0.8253092765808106,"z":-0.5350396037101746,"w":0.15613345801830293},"size":4.830478668212891,"orthographic":false}