{"cameraMode":{"drawMode":0,"name":"Shaded","section":"Shading Mode"},"sceneLighting":false,"audioPlay":false,"sceneViewState":{"showFog":true,"showMaterialUpdate":false,"showSkybox":true,"showFlares":true,"showImageEffects":true,"showParticleSystems":true},"in2DMode":false,"pivot":{"x":1.3500179052352906,"y":0.5310503244400024,"z":-0.07220214605331421},"rotation":{"x":-0.07553775608539581,"y":0.8711889982223511,"z":-0.14184066653251649,"w":-0.46393638849258425},"size":4.8081488609313969,"orthographic":false}