{"cameraMode":{"drawMode":0,"name":"Shaded","section":"Shading Mode"},"sceneLighting":false,"audioPlay":false,"sceneViewState":{"showFog":true,"showMaterialUpdate":false,"showSkybox":true,"showFlares":true,"showImageEffects":true,"showParticleSystems":true},"in2DMode":false,"pivot":{"x":0.09686349332332611,"y":-0.07800754904747009,"z":0.12820632755756379},"rotation":{"x":0.17333577573299409,"y":0.8249852657318115,"z":-0.34771984815597536,"w":0.41062384843826296},"size":1.1857883930206299,"orthographic":false}