{"cameraMode":{"drawMode":0,"name":"Shaded","section":"Shading Mode"},"sceneLighting":false,"audioPlay":false,"sceneViewState":{"showFog":true,"showMaterialUpdate":false,"showSkybox":true,"showFlares":true,"showImageEffects":true,"showParticleSystems":true},"in2DMode":false,"pivot":{"x":80.78788757324219,"y":55.83297348022461,"z":97.07560729980469},"rotation":{"x":-0.06686058640480042,"y":0.05348105728626251,"z":-0.0022211989853531124,"w":-0.9968001246452332},"size":270.69549560546877,"orthographic":false}